feature,importance
suspicious_keyword_count,0.088672788444217
has_https,0.07117107100346856
has_ip_host,0.06359664587401817
path_length,0.06348162327236277
has_digit_in_domain,0.06091906913608099
is_suspicious_tld,0.05924882295902955
num_slashes,0.038391246542272876
path_depth,0.038391246542272876
num_digits,0.03347320557388834
has_hyphen_in_domain,0.02820176495443193
has_file_extension,0.025994766129561527
path_entropy,0.024269431111982775
num_at_symbols,0.021318650765355655
has_at_before_host,0.021318650765355655
brand_token_count,0.020689649565644133
brand_outside_domain,0.018804200135852635
is_common_tld,0.018791380012596715
keyword_in_path,0.017976350358658483
longest_host_label_length,0.016934701490853535
keyword_in_hostname,0.016658641181127254
query_length,0.016161294037857023
domain_digit_count,0.01576415089810895
num_dots,0.015013247452057324
num_subdomains,0.014911329233948245
url_length,0.01404507853576437
subdomain_ratio,0.013584492035769934
domain_length,0.01297099646015946
num_letters,0.011913347326244692
num_tokens,0.01090626475408443
digit_letter_ratio,0.010255773238002011
domain_entropy,0.009296364542986242
url_entropy,0.00900601804581637
has_suspicious_keyword,0.0077120411298862305
digit_ratio,0.007564042895005031
letter_ratio,0.007330162628623033
tld_length,0.006421585285296748
longest_consonant_run,0.006068823643921697
longest_token_length,0.005913278979028591
num_host_labels,0.005765742921295859
num_underscores,0.005709218675307846
avg_token_length,0.005372509675039291
special_character_ratio,0.004885748943739927
num_ampersands,0.003471393601163765
num_percent,0.0032465556000486366
num_equals,0.0030484382046678067
num_query_parameters,0.0030484382046678067
has_port,0.0030331609514075352
is_non_standard_port,0.0030331609514075352
hostname_length,0.002401618547758072
unique_character_ratio,0.002200958789187383
num_hyphens,0.0020427596846120666
domain_hyphen_count,0.0020427596846120666
vowel_consonant_ratio,0.0018215208233362046
num_special_characters,0.0016753317531886074
num_question_marks,0.0015569211996579535
has_query,0.0015569211996579535
hostname_entropy,0.0009446436476518034
fragment_length,0.0
has_double_slash_in_path,0.0
is_shortened_url,0.0
has_punycode,0.0
has_fragment,0.0
